LoadID,V_adc,I_adc,Angle_tenths,PF_x1000,P_mW,CRC8
1,204,511,753,254,26477,D6
2,44,511,900,0,0,59
3,0,511,900,0,0,F4
4,289,511,900,0,0,C9
5,19,511,900,0,0,59
6,1,511,900,0,0,0F
7,172,511,900,0,0,8C
8,19,511,900,0,0,43
9,1,511,900,0,0,BE
10,173,511,900,0,0,ED
11,192,484,788,195,18120,AC
12,0,469,900,0,0,E2
13,61,477,900,0,0,0C
14,9,471,900,0,0,D4
15,0,471,900,0,0,49
16,62,477,900,0,0,BD
17,9,471,900,0,0,0C
18,0,471,900,0,0,95
19,62,477,900,0,0,A3
20,15,471,900,0,0,E2
21,11,435,900,0,0,FA
22,5,436,900,0,0,48
23,5,471,900,0,0,32
24,4,471,900,0,0,A4
25,4,471,900,0,0,11
26,4,471,900,0,0,C9
27,4,471,900,0,0,7C
28,5,471,900,0,0,59
29,5,471,900,0,0,EC
30,5,471,900,0,0,E8
31,5,455,865,61,138,94
32,1005,559,862,67,37640,B4
33,1023,616,862,67,42221,BB
34,1023,618,862,67,42358,CF
35,1023,617,864,63,39765,E8
36,1023,616,862,67,42221,E8
37,1023,618,862,67,42358,03
38,1023,617,862,67,42289,FB
39,1023,616,864,63,39700,51
40,1023,615,861,69,43411,67
41,1023,738,900,0,0,70
42,530,708,86,989,371112,14
43,987,777,900,0,0,40
44,811,783,731,291,184788,FC
45,785,778,668,395,241238,B3
46,790,779,682,372,228932,8C
47,764,775,618,473,280063,0B
48,769,776,628,457,272712,50
49,789,780,677,380,233859,BA
50,779,777,651,422,255429,2F
51,768,888,625,462,315076,30
52,788,897,673,387,273545,9D
53,793,898,685,367,261345,01
54,782,893,659,409,285615,99
55,787,897,673,387,273198,AD
56,776,891,646,429,296617,43
57,782,894,657,412,288032,BA
58,800,903,706,333,240559,4D
59,776,891,642,435,300765,70
60,764,886,616,476,322206,DC
61,785,997,667,396,309927,AC
62,775,993,639,440,338613,B1
63,779,994,652,420,325216,03
64,783,989,664,401,310529,C5
65,773,986,639,440,335358,F4
66,763,985,613,481,361497,6C
67,767,984,623,465,350948,3A
68,773,991,634,448,343187,62
69,776,986,645,431,329773,F6
70,811,997,732,289,233675,F3
71,770,511,900,0,0,13
72,206,511,750,259,27263,F2
73,0,511,900,0,0,9A
74,62,511,900,0,0,E4
75,17,511,900,0,0,99
76,10,511,900,0,0,7A
77,10,511,900,0,0,78
78,11,511,900,0,0,F2
79,10,511,900,0,0,64
80,10,511,900,0,0,2C
81,9,471,900,0,0,A9
82,0,471,900,0,0,59
83,63,477,900,0,0,5D
84,15,471,900,0,0,86
85,9,471,900,0,0,73
86,0,471,900,0,0,83
87,62,477,900,0,0,C1
88,15,471,900,0,0,9E
89,9,471,900,0,0,1A
90,0,471,900,0,0,36
91,63,477,900,0,0,57
92,15,471,900,0,0,84
93,9,471,900,0,0,C6
94,0,471,900,0,0,EC
95,63,477,900,0,0,5F
96,15,471,900,0,0,8C
97,12,435,900,0,0,2F
98,6,436,900,0,0,3B
99,4,471,900,0,0,6E
100,0,468,900,0,0,DD
101,0,421,866,60,0,7C
102,124,375,870,52,2418,A9
103,153,526,867,58,4667,1C
104,145,523,865,61,4625,22
105,148,524,869,54,4187,16
106,153,525,870,52,4176,63
107,156,527,866,60,4932,EA
108,147,524,865,61,4698,44
109,151,525,866,60,4756,05
110,142,522,865,61,4521,76
111,159,528,864,63,5288,FF
112,151,525,866,60,4756,2E
113,141,522,867,58,4268,A0
114,159,528,868,56,4701,AA
115,136,501,900,0,0,F7
116,458,302,160,961,132921,AA
117,487,312,99,986,149816,66
118,221,241,709,328,17469,CA
119,82,236,900,0,0,8D
120,189,236,796,181,8073,EE
121,0,206,900,0,0,89
122,0,145,900,0,0,5C
123,0,145,900,0,0,E9
124,0,145,900,0,0,EB
125,0,145,900,0,0,5E
126,0,145,900,0,0,86
127,0,144,900,0,0,4A
128,0,145,900,0,0,82
129,0,138,900,0,0,73
130,0,144,900,0,0,4A
131,0,144,900,0,0,FF
132,0,145,900,0,0,5E
133,0,94,900,0,0,64
134,74,339,900,0,0,C4
135,184,20,808,160,588,3B
136,623,906,291,875,493883,77
137,491,809,2,1000,397219,3B
138,912,1003,900,0,0,77
139,248,575,900,0,0,B7
140,473,167,130,974,76937,82
141,86,511,900,0,0,10
142,182,511,814,150,13950,CC
143,94,511,900,0,0,DE
144,191,511,788,195,19032,CC
145,101,511,900,0,0,D0
146,457,511,162,960,224185,C5
147,503,511,64,995,255747,FB
148,235,511,675,383,45992,3D
149,102,511,900,0,0,23
150,458,511,162,960,224676,9C
151,505,511,59,996,257022,A1
152,222,511,709,328,37208,69
153,92,477,900,0,0,D8
154,189,484,794,185,16923,27
155,88,477,900,0,0,A2
156,185,484,807,162,14505,6D
157,87,477,900,0,0,FF
158,181,484,817,145,12702,AF
159,93,477,900,0,0,58
160,190,484,792,188,17288,B4
161,90,477,900,0,0,E1
162,200,485,766,232,22504,7D
163,88,477,900,0,0,BC
164,181,426,814,150,11565,9A
165,93,426,900,0,0,E4
166,177,426,825,131,9877,B7
167,0,469,900,0,0,AA
168,0,451,900,0,0,62
169,0,451,900,0,0,D7
170,0,451,900,0,0,D3
171,0,422,868,56,0,10
172,122,375,869,54,2470,54
173,155,526,865,61,4973,3D
174,145,523,868,56,4246,A5
175,162,529,865,61,5227,01
176,153,526,866,60,4828,7D
177,157,527,869,54,4467,FD
178,148,524,868,56,4342,5A
179,152,526,867,58,4637,57
180,156,527,868,56,4603,19
181,148,509,900,0,0,0B
182,461,303,154,964,134654,93
183,507,320,55,996,161591,03
184,224,241,702,339,18300,F5
185,83,235,900,0,0,F4
186,177,235,826,129,5365,5D
187,2,364,900,0,0,9F
188,0,266,900,0,0,EC
189,0,309,900,0,0,98
190,0,307,900,0,0,4C
191,0,308,900,0,0,50
192,0,307,900,0,0,21
193,0,309,900,0,0,44
194,0,308,900,0,0,3F
195,0,308,900,0,0,8A
196,0,308,900,0,0,52
197,0,308,900,0,0,E7
198,0,308,900,0,0,56
199,0,308,900,0,0,E3
200,0,308,900,0,0,E5
201,0,144,900,0,0,EB
202,0,144,900,0,0,33
203,0,143,900,0,0,EE
204,0,144,900,0,0,84
205,0,144,900,0,0,31
206,0,143,900,0,0,81
207,0,144,900,0,0,5C
208,0,144,900,0,0,ED
209,0,143,900,0,0,30
210,0,143,900,0,0,34
211,0,93,900,0,0,AA
212,72,336,900,0,0,72
213,174,20,837,111,386,0B
214,621,904,284,880,494017,2D
215,506,821,34,999,415010,C3
216,790,997,682,372,292998,09
217,482,801,900,0,0,29
218,470,165,136,972,75378,A4
219,94,20,900,0,0,A7
220,6,20,900,0,0,24
221,7,472,900,0,0,C0
222,6,511,900,0,0,6F
223,7,511,900,0,0,4E
224,8,511,900,0,0,15
225,6,511,900,0,0,6D
226,6,511,900,0,0,B5
227,6,511,900,0,0,00
228,6,511,900,0,0,B1
229,6,511,900,0,0,04
230,6,511,900,0,0,00
231,6,471,900,0,0,DD
232,1,470,900,0,0,99
233,1,470,900,0,0,2C
234,1,470,900,0,0,2E
235,1,470,900,0,0,9B
236,1,470,900,0,0,43
237,1,470,900,0,0,F6
238,1,470,900,0,0,47
239,1,470,900,0,0,F2
240,1,470,900,0,0,FA
241,3,437,900,0,0,AF
242,3,437,900,0,0,77
243,3,437,900,0,0,C2
244,3,437,900,0,0,C0
245,2,437,900,0,0,E1
246,3,437,900,0,0,AD
247,1,436,900,0,0,4E
248,0,438,900,0,0,BB
249,0,452,900,0,0,4A
250,0,450,900,0,0,BC
251,0,420,865,61,0,4C
252,128,375,867,58,2784,09
253,163,529,868,56,4828,AF
254,152,526,866,60,4797,69
255,143,523,865,61,4562,EF
256,160,529,867,58,4909,36
257,164,530,865,61,5302,55
258,155,527,864,63,5146,F0
259,159,528,867,58,4869,D7
260,150,525,867,58,4567,64
261,141,504,900,0,0,AE
262,469,306,136,972,139495,25
263,515,323,37,999,166178,A4
264,216,240,721,308,15966,09
265,88,235,900,0,0,D9
266,183,236,808,160,6910,AB
267,0,360,900,0,0,5D
268,0,305,900,0,0,01
269,0,305,900,0,0,B4
270,0,305,900,0,0,B0
271,0,141,900,0,0,7F
272,0,141,900,0,0,A7
273,0,140,900,0,0,6B
274,0,141,900,0,0,10
275,0,141,900,0,0,A5
276,0,147,900,0,0,6C
277,0,147,900,0,0,D9
278,0,140,900,0,0,00
279,0,140,900,0,0,B5
280,0,140,900,0,0,AD
281,0,88,900,0,0,8E
282,69,330,900,0,0,FF
283,180,20,819,141,507,F0
284,613,900,268,893,492668,1A
285,498,815,16,1000,405870,B7
286,520,833,63,995,430994,5D
287,804,1000,713,321,258084,1A
288,234,558,900,0,0,31
289,473,166,131,974,76476,3E
290,96,234,900,0,0,D8
291,181,511,816,146,13503,B6
292,94,511,900,0,0,E4
293,191,511,788,195,19032,72
294,101,511,900,0,0,76
295,457,511,163,960,224185,33
296,503,511,64,995,255747,DA
297,235,511,675,383,45992,50
298,102,511,900,0,0,85
299,458,511,162,960,224676,BE
300,504,511,60,995,256256,11
301,207,486,747,265,26659,1C
302,92,477,900,0,0,B8
303,189,484,795,183,16740,D4
304,90,477,900,0,0,9B
305,199,485,770,225,21715,F9
306,86,476,900,0,0,72
307,181,484,817,145,12702,07
308,93,477,900,0,0,38
309,190,484,792,188,17288,E9
310,88,477,900,0,0,C4
311,185,426,802,171,13476,34
312,85,426,900,0,0,00
313,181,426,816,146,11257,6B
314,92,426,900,0,0,0C
315,177,426,825,131,9877,2B
316,0,466,900,0,0,A4
317,0,451,900,0,0,C1
318,0,451,900,0,0,70
319,0,451,900,0,0,C5
320,0,449,900,0,0,6C
321,0,421,865,61,0,24
322,123,375,868,56,2583,B8
323,167,531,869,54,4788,20
324,145,523,865,61,4625,F3
325,149,525,865,61,4771,38
326,153,526,865,61,4909,F1
327,144,523,865,61,4594,9B
328,161,529,865,61,5195,B0
329,152,526,866,60,4797,86
330,143,523,868,56,4188,C9
331,161,518,900,0,0,7D
332,478,309,118,979,144600,3A
333,507,320,56,996,161591,5A
334,239,244,664,401,23384,1D
335,82,235,900,0,0,56
336,177,235,825,131,5448,39
337,2,364,900,0,0,95
338,0,266,900,0,0,E6
339,0,308,900,0,0,EB
340,0,308,900,0,0,E3
341,0,143,900,0,0,85
342,0,144,900,0,0,35
343,0,144,900,0,0,80
344,0,144,900,0,0,82
345,0,144,900,0,0,37
346,0,144,900,0,0,EF
347,0,144,900,0,0,5A
348,0,144,900,0,0,EB
349,0,144,900,0,0,5E
350,0,144,900,0,0,5A
351,0,93,900,0,0,72
352,73,337,900,0,0,8D
353,187,20,799,176,658,2C
354,604,893,247,909,490289,4B
355,488,806,900,0,0,B0
356,464,161,150,966,72164,4D
357,80,20,900,0,0,42
358,4,21,900,0,0,DA
359,10,214,900,0,0,34
360,161,20,871,51,164,72
361,890,790,900,0,0,53
362,534,515,94,987,271434,C0
363,799,511,900,0,0,D8
364,499,511,70,993,253204,7A
365,231,511,682,372,43911,87
366,98,511,900,0,0,7E
367,184,511,805,165,15513,C4
368,87,511,900,0,0,DE
369,194,511,779,210,20818,FD
370,83,511,900,0,0,9E
371,191,484,792,188,17379,B1
372,90,477,900,0,0,BD
373,186,484,803,169,15214,0E
374,86,477,900,0,0,25
375,183,484,816,146,12931,48
376,93,477,900,0,0,0E
377,191,484,788,195,18026,E5
378,92,477,900,0,0,86
379,188,484,801,173,15741,14
380,86,477,900,0,0,77
381,182,426,812,153,11862,14
382,93,426,900,0,0,EA
383,178,426,824,133,10085,80
384,82,427,900,0,0,EE
385,174,426,837,111,8227,99
386,2,469,900,0,0,30
387,0,438,900,0,0,1C
388,0,451,900,0,0,62
389,0,451,900,0,0,D7
390,0,449,900,0,0,7A
391,0,422,867,58,0,AC
392,132,375,868,56,2772,E6
393,157,527,865,61,5047,BA
394,149,524,864,63,4918,46
395,152,526,866,60,4797,C5
396,143,523,868,56,4188,65
397,147,524,867,58,4467,57
398,151,525,865,61,4835,EA
399,142,522,865,61,4521,6B
400,160,528,864,63,5322,E5
401,163,520,900,0,0,79
402,456,301,165,959,131628,AF
403,486,312,101,985,149357,FC
404,498,316,73,993,156266,2C
405,216,240,722,306,15863,31
406,87,234,900,0,0,27
407,183,236,808,160,6910,B2
408,0,360,900,0,0,C4
409,0,305,900,0,0,9C
410,0,305,900,0,0,98
411,0,306,900,0,0,A6
412,0,305,900,0,0,F5
413,0,140,900,0,0,43
414,0,147,900,0,0,29
415,0,141,900,0,0,8D
416,0,140,900,0,0,2C
417,0,148,900,0,0,58
418,0,140,900,0,0,28
419,0,140,900,0,0,9D
420,0,140,900,0,0,9D
421,0,87,900,0,0,F5
422,67,329,900,0,0,72
423,180,20,819,141,507,A6
424,613,899,265,895,493222,A9
425,498,814,16,1000,405372,DF
426,503,819,28,999,411545,B6
427,920,1003,900,0,0,A9
428,259,586,900,0,0,B8
429,461,158,154,964,70215,25
430,99,20,900,0,0,49
431,10,511,900,0,0,11
432,173,511,840,105,9282,C2
433,4,511,900,0,0,D3
434,8,511,900,0,0,33
435,9,511,900,0,0,12
436,7,511,900,0,0,07
437,7,511,900,0,0,B2
438,8,511,900,0,0,5A
439,2,511,900,0,0,7C
440,2,511,900,0,0,74
441,2,470,900,0,0,D0
442,2,470,900,0,0,08
443,1,470,900,0,0,06
444,2,470,900,0,0,BF
445,2,470,900,0,0,0A
446,1,470,900,0,0,69
447,2,470,900,0,0,67
448,1,470,900,0,0,6D
449,2,470,900,0,0,63
450,1,470,900,0,0,DC
451,0,438,900,0,0,9B
452,0,449,900,0,0,25
453,0,451,900,0,0,39
454,0,449,900,0,0,92
455,0,452,900,0,0,05
456,0,452,900,0,0,DD
457,0,452,900,0,0,68
458,0,451,900,0,0,52
459,0,450,900,0,0,9E
460,0,450,900,0,0,9E
461,0,420,869,54,0,B3
462,131,375,869,54,2652,9F
463,146,524,868,56,4284,F3
464,150,525,868,56,4410,E7
465,142,522,870,52,3854,2D
466,158,528,869,54,4504,27
467,149,525,867,58,4537,BC
468,153,526,866,60,4828,D8
469,144,523,866,60,4518,78
470,161,529,866,60,5110,A8
471,140,503,900,0,0,82
472,471,306,133,973,140234,D0
473,517,324,33,999,167340,BD
474,218,240,717,315,16480,CC
475,79,236,900,0,0,BC
476,186,236,803,169,7418,6C
477,0,360,900,0,0,7B
478,0,305,900,0,0,27
479,0,305,900,0,0,92
480,0,304,900,0,0,F3
481,0,140,900,0,0,3C
482,0,140,900,0,0,E4
483,0,140,900,0,0,51
484,0,140,900,0,0,53
485,0,147,900,0,0,8E
486,0,139,900,0,0,99
487,0,146,900,0,0,9A
488,0,140,900,0,0,3A
489,0,147,900,0,0,E7
490,0,140,900,0,0,8B
491,0,86,900,0,0,E7
492,66,327,900,0,0,54
493,181,20,814,150,543,85
494,610,898,261,899,492454,FE
495,495,812,9,1000,401940,7B
496,925,1003,900,0,0,24
497,252,579,900,0,0,33
498,486,177,100,985,84731,36
499,83,20,900,0,0,93
500,8,28,900,0,0,A9
501,9,511,900,0,0,C0
502,13,511,900,0,0,94
503,179,511,824,133,12165,D8
504,91,511,900,0,0,8A
505,188,511,798,178,17100,05
506,99,511,900,0,0,32
507,183,511,810,156,14588,E9
508,86,511,900,0,0,92
509,180,511,819,141,12969,60
510,82,511,900,0,0,D2
511,189,511,795,183,17673,9D
512,98,511,900,0,0,A0
513,184,511,806,164,15419,5D
514,86,511,900,0,0,84
515,181,511,819,141,13041,97
516,93,511,900,0,0,AF
517,190,511,790,191,18544,D6
518,100,511,900,0,0,D1
519,455,511,168,957,222507,F5
520,519,511,29,999,264943,2F
521,116,479,900,0,0,EC
522,462,506,151,966,225823,6B
523,509,509,52,996,258044,1A
524,225,487,700,342,37474,AE
525,83,476,900,0,0,5E
526,179,484,824,133,11522,64
527,82,476,900,0,0,CE
528,175,483,835,114,9635,1F
529,0,471,900,0,0,37
530,0,469,900,0,0,9A
531,0,449,900,0,0,FF
532,0,451,900,0,0,8E
533,0,451,900,0,0,3B
534,0,451,900,0,0,39
535,0,451,900,0,0,8C
536,0,451,900,0,0,54
537,0,449,900,0,0,48
538,0,451,900,0,0,50
539,0,451,900,0,0,E5
540,0,451,900,0,0,ED
541,0,422,867,58,0,16
542,132,375,867,58,2871,A4
543,157,528,865,61,5056,ED
544,148,524,868,56,4342,6D
545,152,526,866,60,4797,D9
546,143,523,867,58,4337,05
547,147,524,867,58,4467,4B
548,153,525,867,58,4658,69
549,155,527,867,58,4737,9E
550,146,524,865,61,4666,66
551,150,525,867,58,4567,70
552,141,522,865,61,4489,9F
553,158,528,868,56,4671,53
554,149,525,868,56,4380,57
555,154,526,866,60,4860,3E
556,144,523,866,60,4518,57
557,148,524,868,56,4342,74
558,152,526,867,58,4637,DD
559,144,523,866,60,4518,37
560,147,524,866,60,4621,7D
561,152,511,900,0,0,2E
562,473,307,130,974,141435,5A
563,519,324,29,999,167987,97
564,103,233,900,0,0,8B
565,479,309,115,980,145050,F9
566,508,320,52,996,161909,17
567,224,241,700,342,18462,B6
568,82,235,900,0,0,86
569,178,236,822,136,5713,3D
570,2,364,900,0,0,BB
571,0,266,900,0,0,CC
572,0,308,900,0,0,AC
573,0,143,900,0,0,CA
574,0,143,900,0,0,C8
575,0,143,900,0,0,7D
576,0,143,900,0,0,A5
577,0,143,900,0,0,10
578,0,143,900,0,0,A1
579,0,142,900,0,0,6D
580,0,143,900,0,0,0C
581,0,90,900,0,0,29
582,72,335,900,0,0,51
583,175,20,833,117,409,7D
584,619,903,281,883,493559,81
585,487,805,900,0,0,4D
586,482,174,108,983,82442,B8
587,80,20,900,0,0,7C
588,5,22,900,0,0,DC
589,9,212,900,0,0,B5
590,6,25,900,0,0,DB
591,6,511,900,0,0,8B
592,4,511,900,0,0,7C
593,6,511,900,0,0,E6
594,4,511,900,0,0,CB
595,7,511,900,0,0,C5
596,7,511,900,0,0,1D
597,4,511,900,0,0,13
598,6,511,900,0,0,8D
599,11,511,900,0,0,D3
600,175,511,832,119,10641,90
601,89,511,900,0,0,A7
602,185,484,805,165,14774,7E
603,86,477,900,0,0,83
604,182,484,817,145,12772,EE
605,94,477,900,0,0,45
606,190,484,792,188,17288,2F
607,91,477,900,0,0,8B
608,199,485,766,232,22391,70
609,98,477,900,0,0,BF
610,195,485,777,214,20239,23
611,92,426,900,0,0,84
612,177,426,825,131,9877,2C
613,0,466,900,0,0,FD
614,0,451,900,0,0,2F
615,0,451,900,0,0,9A
616,0,451,900,0,0,42
617,0,451,900,0,0,F7
618,0,451,900,0,0,46
619,0,451,900,0,0,F3
620,0,451,900,0,0,F3
621,0,451,900,0,0,46
622,0,451,900,0,0,9E
623,0,336,900,0,0,69
624,0,422,865,61,0,14
625,124,375,870,52,2418,79
626,154,526,868,56,4536,82
627,145,523,868,56,4246,D5
628,149,525,866,60,4693,95
629,153,526,868,56,4506,F7
630,144,523,868,56,4217,9D
631,161,519,900,0,0,83
632,476,308,119,979,143529,B9
633,505,319,59,996,160450,36
634,222,241,705,334,17869,E0
635,91,234,900,0,0,F3
636,190,237,792,188,8465,6D
637,0,357,900,0,0,BF
638,0,309,900,0,0,11
639,0,309,900,0,0,A4
640,0,309,900,0,0,AC
641,0,144,900,0,0,DB
642,0,144,900,0,0,03
643,0,144,900,0,0,B6
644,0,145,900,0,0,CD
645,0,144,900,0,0,01
646,0,144,900,0,0,D9
647,0,143,900,0,0,04
648,0,144,900,0,0,DD
649,0,144,900,0,0,68
650,0,144,900,0,0,6C
651,0,93,900,0,0,78
652,63,322,900,0,0,18
653,186,20,802,171,636,80
654,622,906,285,879,495344,49
655,490,808,900,0,0,BE
656,462,160,153,965,71332,C9
657,89,20,900,0,0,CF
658,9,20,900,0,0,61
659,11,214,900,0,0,22
660,160,20,875,44,140,A4
661,889,511,900,0,0,17
662,503,511,63,995,255747,A0
663,250,511,637,443,56593,85
664,103,511,900,0,0,89
665,458,511,160,961,224910,8F
666,504,511,61,995,256256,34
667,207,511,747,265,28030,82
668,102,511,900,0,0,55
669,459,511,157,963,225870,06
670,523,511,18,1000,267253,08
671,500,511,70,993,253711,09
672,234,488,679,377,43050,41
673,91,477,900,0,0,A9
674,186,484,802,171,15394,3E
675,88,477,900,0,0,68
676,182,484,815,148,13037,58
677,84,476,900,0,0,F7
678,178,483,826,129,11090,74
679,91,477,900,0,0,BD
680,187,484,799,176,15929,DC
681,96,426,900,0,0,A4
682,182,426,812,153,11862,EB
683,95,426,900,0,0,1B
684,192,426,787,197,16113,4C
685,90,426,900,0,0,DD
686,188,426,798,178,14255,38
687,87,426,900,0,0,D9
688,183,426,808,160,12473,81
689,84,426,900,0,0,7E
690,179,426,820,139,10599,51
691,82,379,868,56,1740,03
692,428,599,865,61,15638,1F
693,0,410,865,61,0,89
694,129,375,867,58,2805,42
695,148,524,864,63,4885,2A
696,151,525,868,56,4439,21
697,142,522,866,60,4447,39
698,146,524,868,56,4284,D8
699,150,525,864,63,4961,6E
700,155,526,866,60,4891,41
701,146,507,900,0,0,BB
702,463,304,150,966,135966,9B
703,510,321,50,996,163055,81
704,241,244,660,407,23933,65
705,94,233,900,0,0,69
706,192,237,783,203,9237,6B
707,0,363,900,0,0,EC
708,0,307,900,0,0,C9
709,0,307,900,0,0,7C
710,0,307,900,0,0,78
711,0,142,900,0,0,CE
712,0,142,900,0,0,16
713,0,143,900,0,0,DA
714,0,143,900,0,0,D8
715,0,143,900,0,0,6D
716,0,142,900,0,0,CC
717,0,143,900,0,0,00
718,0,143,900,0,0,B1
719,0,143,900,0,0,04
720,0,142,900,0,0,7D
721,0,89,900,0,0,23
722,71,334,900,0,0,AB
723,189,20,794,185,699,BB
724,601,891,241,914,489438,14
725,486,805,900,0,0,71
726,483,175,106,984,83172,03
727,91,20,900,0,0,BD
728,5,20,900,0,0,F4
729,9,211,900,0,0,36
730,5,20,900,0,0,7C
731,10,511,900,0,0,6F
732,177,511,830,122,11034,4A
733,89,511,900,0,0,9B
734,186,511,803,169,16062,97
735,87,511,900,0,0,5A
736,182,511,815,148,13764,1F
737,94,511,900,0,0,00
738,191,511,790,191,18641,FC
739,91,511,900,0,0,D6
740,187,511,801,173,16531,AF
741,87,477,900,0,0,01
742,184,484,812,153,13625,74
743,84,476,900,0,0,C7
744,179,484,821,138,11955,4D
745,93,477,900,0,0,B2
746,188,484,798,178,16196,78
747,88,477,900,0,0,54
748,185,484,808,160,14326,67
749,95,477,900,0,0,DB
750,194,485,783,203,19100,2C
751,104,478,900,0,0,22
752,459,505,158,962,222986,25
753,524,510,19,1000,267240,1F
754,501,509,70,993,253223,72
755,233,488,677,380,43207,3F
756,91,477,900,0,0,95
757,200,485,767,231,22407,7D
758,88,477,900,0,0,44
759,182,484,816,146,12860,07
760,85,476,900,0,0,49
761,191,426,787,197,16029,11
762,90,426,900,0,0,AD
763,187,426,801,173,13781,2A
764,86,426,900,0,0,35
765,182,426,813,151,11707,58
766,94,426,900,0,0,FB
767,192,426,785,200,16358,0F
768,79,427,900,0,0,85
769,187,426,798,178,14179,E1
770,97,426,900,0,0,42
771,183,375,810,156,10705,90
772,86,378,866,60,1950,54
773,424,598,868,56,14198,1F
774,0,409,865,61,0,C7
775,123,376,868,56,2589,90
776,156,527,867,58,4768,03
777,147,524,868,56,4313,B9
778,151,525,867,58,4597,9A
779,142,522,868,56,4150,D1
780,146,524,867,58,4437,F2
781,150,511,900,0,0,01
782,474,307,126,976,142025,61
783,520,325,25,999,168831,8B
784,104,233,900,0,0,6E
785,463,304,148,967,136107,9F
786,510,321,49,997,163218,78
787,226,242,698,346,18923,A5
788,85,235,900,0,0,63
789,179,236,821,138,5829,58
790,1,363,900,0,0,68
791,2,98,900,0,0,E3
792,12,236,900,0,0,CF
793,163,98,870,52,830,EB
794,862,924,875,44,35045,03
795,1023,903,900,0,0,24
796,239,516,900,0,0,C9
797,483,265,108,983,125819,16
798,513,284,42,998,145400,1A
799,214,117,729,294,7361,2E
800,0,210,900,0,0,3F
801,0,146,900,0,0,75
802,0,95,900,0,0,32
803,68,327,900,0,0,1A
804,182,20,814,150,546,7B
805,610,897,259,900,492453,79
806,496,812,11,1000,402752,08
807,535,843,96,987,445141,FC
808,786,998,669,393,308280,1F
809,494,812,7,1000,401128,1B
810,914,1003,900,0,0,90
811,251,577,900,0,0,D8
812,470,165,135,972,75378,45
813,94,20,900,0,0,15
814,8,511,900,0,0,7F
815,6,511,900,0,0,07
816,8,511,900,0,0,12
817,6,511,900,0,0,6A
818,6,511,900,0,0,DB
819,8,511,900,0,0,A3
820,7,511,900,0,0,FA
821,8,511,900,0,0,16
822,6,471,900,0,0,6B
823,6,471,900,0,0,DE
824,6,471,900,0,0,DC
825,6,471,900,0,0,69
826,6,471,900,0,0,B1
827,1,470,900,0,0,98
828,1,470,900,0,0,29
829,1,470,900,0,0,9C
830,1,470,900,0,0,98
831,3,437,900,0,0,CD
832,3,437,900,0,0,15
833,3,437,900,0,0,A0
834,3,436,900,0,0,DB
835,2,437,900,0,0,83
836,3,437,900,0,0,CF
837,2,437,900,0,0,EE
838,3,437,900,0,0,CB
839,2,437,900,0,0,EA
840,3,437,900,0,0,76
841,2,397,866,60,47,B5
842,912,513,864,63,29474,83
843,1023,611,862,67,41878,AD
844,914,646,862,67,39559,87
845,1023,615,862,67,42152,B3
846,909,646,862,67,39343,7E
847,1023,616,865,61,38440,53
848,918,646,864,63,37360,12
849,1023,611,862,67,41878,0B
850,912,646,862,67,39473,FA
851,1023,740,900,0,0,4A
852,242,571,900,0,0,2D
853,481,310,110,982,146426,CC
854,509,321,50,996,162735,6A
855,226,242,698,346,18923,0C
856,83,235,900,0,0,C9
857,179,236,819,141,5956,58
858,0,362,900,0,0,74
859,0,307,900,0,0,2C
860,0,307,900,0,0,2C
861,0,142,900,0,0,9A
862,0,143,900,0,0,3B
863,0,143,900,0,0,8E
864,0,143,900,0,0,8C
865,0,143,900,0,0,39
866,0,143,900,0,0,E1
867,0,143,900,0,0,54
868,0,142,900,0,0,9C
869,0,143,900,0,0,50
870,0,91,900,0,0,1E
871,71,334,900,0,0,1A
872,176,20,833,117,411,99
873,618,902,279,884,492773,19
874,485,805,900,0,0,C8
875,484,175,106,984,83344,F3
876,81,20,900,0,0,CC
877,5,20,900,0,0,0D
878,9,211,900,0,0,D3
879,6,23,900,0,0,0C
880,10,211,900,0,0,D3
881,163,20,865,61,198,96
882,873,511,900,0,0,ED
883,490,511,90,988,247385,B8
884,223,511,703,338,38516,F0
885,95,511,900,0,0,73
886,191,511,790,191,18641,B8
887,89,511,900,0,0,70
888,187,511,799,176,16818,B2
889,88,511,900,0,0,F8
890,183,511,813,151,14120,4B
891,94,511,900,0,0,E1
892,193,485,784,202,18908,72
893,92,477,900,0,0,ED
894,189,484,798,178,16282,B3
895,88,477,900,0,0,97
896,184,484,808,160,14248,1E
897,85,476,900,0,0,9C
898,181,484,819,141,12352,52
899,93,477,900,0,0,6D
900,189,484,795,183,16740,7E
901,88,426,900,0,0,7D
902,184,426,805,165,12933,9D
903,75,427,900,0,0,FE
904,180,426,817,145,11118,66
905,92,426,900,0,0,03
906,176,426,828,126,9446,71
907,0,466,900,0,0,7F
908,0,451,900,0,0,1E
909,0,451,900,0,0,AB
910,0,451,900,0,0,AF
911,0,421,865,61,0,35
912,134,375,866,60,3015,D1
913,155,527,864,63,5146,D9
914,146,524,867,58,4437,6B
915,150,525,870,52,4095,0F
916,141,522,869,54,3974,2A
917,145,523,864,63,4777,E7
918,150,525,865,61,4803,F1
919,153,526,867,58,4667,20
920,144,523,867,58,4368,07
921,161,529,867,58,4939,F3
922,151,512,900,0,0,57
923,471,307,130,974,140837,DC
924,500,317,68,994,157549,A5
925,233,243,681,374,21175,26
926,89,234,900,0,0,23
927,185,236,803,169,7378,F2
928,4,367,900,0,0,B0
929,2,264,900,0,0,E0
930,0,268,900,0,0,E9
931,0,140,900,0,0,6C
932,0,140,900,0,0,B4
933,0,140,900,0,0,01
934,0,140,900,0,0,03
935,0,140,900,0,0,B6
936,0,140,900,0,0,6E
937,0,140,900,0,0,DB
938,0,140,900,0,0,6A
939,0,139,900,0,0,78
940,0,140,900,0,0,D7
941,0,95,900,0,0,C2
942,67,327,900,0,0,53
943,182,20,815,148,538,FC
944,610,897,262,898,491358,A1
945,478,798,900,0,0,4F
946,474,168,124,977,77800,15
947,97,20,900,0,0,2C
948,7,20,900,0,0,E5
949,6,204,900,0,0,C5
950,2,23,900,0,0,C8
951,14,511,900,0,0,BE
952,182,511,811,155,14415,1A
953,94,511,900,0,0,87
954,192,511,784,202,19818,C8
955,92,511,900,0,0,FA
956,188,511,796,181,17388,1B
957,99,511,900,0,0,F9
958,184,511,810,156,14667,8C
959,85,511,900,0,0,E2
960,193,511,783,203,20020,4A
961,91,477,900,0,0,22
962,189,484,795,183,16740,DF
963,90,477,900,0,0,B2
964,185,484,804,167,14953,D5
965,96,477,900,0,0,CF
966,182,484,817,145,12772,1A
967,92,477,900,0,0,95
968,191,484,792,188,17379,9B
969,91,477,900,0,0,32
970,199,485,765,234,22584,9A
971,85,426,900,0,0,21
972,181,426,816,146,11257,60
973,92,426,900,0,0,25
974,177,426,824,133,10028,2A
975,91,426,900,0,0,92
976,187,426,801,173,13781,F8
977,88,427,900,0,0,22
978,182,426,810,156,12094,F3
979,95,426,900,0,0,D4
980,192,426,787,197,16113,F3
981,92,378,870,52,1808,78
982,430,599,867,58,14939,64
983,0,410,869,54,0,17
984,129,375,867,58,2805,E5
985,148,524,867,58,4498,98
986,153,526,867,58,4667,8C
987,143,523,865,61,4562,FC
988,161,528,865,61,5185,AD
989,164,530,868,56,4867,10
990,155,527,866,60,4901,83
991,146,508,900,0,0,37
992,462,304,153,965,135532,C9
993,509,320,51,996,162228,0F
994,225,242,698,346,18839,DD
995,84,236,900,0,0,C3
996,178,235,822,136,5688,8F
997,2,364,900,0,0,ED
998,0,266,900,0,0,9E
999,0,307,900,0,0,3A
1000,0,308,900,0,0,26
1001,70,78,900,0,0,65
1002,175,102,837,111,1981,76
1003,9,91,900,0,0,B6
1004,5,95,900,0,0,75
1005,5,95,900,0,0,90
1006,5,95,900,0,0,B8
1007,5,95,900,0,0,5D
1008,4,96,900,0,0,03
1009,0,99,900,0,0,3C
1010,0,137,900,0,0,0B
1011,58,20,900,0,0,A0
1012,158,20,884,28,88,A6
1013,982,1003,900,0,0,B7
1014,43,283,900,0,0,F1
1015,448,149,183,950,63414,6E
1016,326,70,455,701,15996,0E
1017,88,20,900,0,0,61
1018,158,20,880,35,110,F4
1019,623,905,290,875,493338,92
1020,200,518,900,0,0,41
1021,746,417,900,0,0,7A
1022,250,511,900,0,0,9D
1023,772,511,900,0,0,1E
1024,768,511,900,0,0,42
1025,778,511,900,0,0,A9
1026,774,511,900,0,0,59
1027,769,511,900,0,0,C4
1028,779,511,900,0,0,7B
1029,775,511,900,0,0,97
1030,785,511,900,0,0,4B
1031,781,511,900,0,0,1B
1032,776,511,900,0,0,64
1033,771,511,900,0,0,8F
1034,781,511,900,0,0,2D
1035,791,511,900,0,0,C6
1036,787,511,900,0,0,40
1037,783,511,900,0,0,10
1038,778,511,900,0,0,C5
1039,774,511,900,0,0,29
1040,768,511,900,0,0,86
1041,764,530,900,0,0,C3
1042,247,492,900,0,0,BC
1043,774,530,900,0,0,3A
1044,252,493,900,0,0,CE
1045,770,530,900,0,0,40
1046,257,493,900,0,0,18
1047,764,530,900,0,0,E7
1048,231,491,900,0,0,9F
1049,760,529,900,0,0,3D
1050,251,493,900,0,0,67
1051,770,488,900,0,0,7D
1052,255,535,900,0,0,B2
1053,766,487,900,0,0,5C
1054,245,533,900,0,0,62
1055,761,487,900,0,0,9D
1056,250,534,900,0,0,39
1057,757,486,900,0,0,A1
1058,253,535,900,0,0,AF
1059,768,488,900,0,0,54
1060,259,536,900,0,0,B9
1061,763,487,900,0,0,F4
1062,248,555,864,63,8671,13
1063,0,448,867,58,0,44
1064,384,390,326,843,126247,43
1065,780,468,862,67,24457,F8
1066,924,647,866,60,35869,EE
1067,915,646,862,67,39603,36
1068,909,648,864,63,37109,B3
1069,910,646,865,61,35859,A1
1070,925,646,865,61,36450,D4
1071,918,646,864,63,37360,C0
1072,920,646,865,61,36253,86
1073,926,789,900,0,0,60
1074,238,568,900,0,0,70
1075,752,435,900,0,0,59
1076,243,571,900,0,0,0E
1077,763,442,900,0,0,8E
1078,248,574,900,0,0,C7
1079,758,439,900,0,0,A0
1080,237,568,900,0,0,90
1081,769,445,900,0,0,D0
1082,242,518,900,0,0,EC
1083,764,488,900,0,0,0F
1084,247,523,900,0,0,F0
1085,759,483,900,0,0,3F
1086,252,527,900,0,0,20
1087,754,479,900,0,0,30
1088,241,517,900,0,0,92
1089,765,489,900,0,0,8E
1090,245,522,900,0,0,B4
1091,760,432,900,0,0,A5
1092,265,593,900,0,0,ED
1093,756,427,900,0,0,12
1094,255,581,900,0,0,7B
1095,766,439,900,0,0,A6
1096,245,570,900,0,0,AD
1097,762,434,900,0,0,BF
1098,250,574,900,0,0,35
1099,756,428,900,0,0,D7
1100,254,580,900,0,0,05
